Data of yield components,,,,,,,,,,,,,,,,,,,,,
Different colors refer to different day of harvesting,,,,,,,,,,,,,,,,,,,,,
Black: harvested on 8 January,,,,,,,,,,,,,,,,,,,,,
Red: harvested on 11 January,,,,,,,,,,,,,,,,,,,,,
Green: harvested on 15 January,,,,,,,,,,,,,,,,,,,,,
Purple: harvested on 22 January,,,,,,,,,,,,,,,,,,,,,
Ligh Blue: harvested on 4 February and later,,,,,,,,,,,,,,,,,,,,,
,,,,,,,,,,,,,,,,,,,,,
,,,,,,,,,,,,,,,,,,,,,
,Plant 1,,Plant 2,,Plant 3,,Plant 4,,Plant 5,,,,,,,,,,,,
I-1-1,Truss 1,Truss 2,Truss 1,Truss 2,Truss 1,Truss 2,Truss 1,Truss 2,Truss 1,Truss 2,,,,,,,,,,,
,120.89,90.48,121.47,115.91,96.7,87.13,128.51,124.2,98.83,62.82,,,,,,,,,,,
,94.87,78.02,138.08,98.18,91.98,83.88,102.26,122.09,117.88,93.16,,,,,,,,,,,
,101.47,94.46,120.6,86.11,92.97,89.45,96.97,102.09,127.3,77,,,,,,,,,,,
,99.03,123.54,108.23,85.5,74.16,83.18,102.93,130.09,120.6,107.54,,,,,,,,,,,
,77.26,,90.88,96.66,71.1,81.98,50.12,81.08,77.29,,,,,,,,,,,,
,74.8,,,,78.92,73.03,113.83,85.3,82.3,,,,,,,,,,,,
,,,,,,,45.3,55.4,139.35,,,,,,,,,,,,
Number of fruit,10,,10,,12,,14,,11,,11.4,,,,,,,,,,
Number of marketable fruit (weight >=60g),10,,10,,12,,11,,10,,10.6,,,,,,,,,,
Average fruit weight,95.482,,106.162,,83.70666667,,95.72642857,,100.37,,96.28941905,,,,,,,,,,
Average marketable fruit weight,95.482,,106.162,,83.70666667,,108.1227273,,100.37,,98.76867879,,,,,,,,,,
sd,16.9063077,,17.56698406,,8.301414264,,28.8203717,,24.25212073,,19.16943969,,,,,,,,,,
,,,,,,,,,,,,,,,,,,,,,
,Plant 1,,,Plant 2,,,Plant 3,,,Plant 4,,,Plant 5,,,,,,,,
I-1-2,Truss 1,Truss 2,Truss 3,Truss 1,Truss 2,Truss 3,Truss 1,Truss 2,Truss 3,Truss 1,Truss 2,Truss 3,Truss 1,Truss 2,Truss 3,,,,,,
,107.5,80.68,82.74,87.01,110.62,87.98,104.93,110.42,89.24,74.36,77.92,87.56,117.37,132.54,97.89,,,,,,
,116.02,86.95,88.26,90.75,103.09,60.56,108.16,96.77,74.05,101.92,80.29,67.6,97.55,109.25,89.32,,,,,,
,98.79,76.36,75.96,87.6,82.05,71.91,86.42,93.99,56.9,94.52,96.75,149.23,91.88,107.97,86.55,,,,,,
,79.17,85.98,81.29,75.42,70.89,63.36,,70.21,69.81,91.83,149.69,60.31,,102.14,66.1,,,,,,
,70.79,62.37,,,71.84,37.52,,83.62,47.39,77.56,89.15,52.56,,133.27,71.8,,,,,,
,,,,,67.1,,,79.44,,85.71,,,,100.82,,,,,,,
,,,,,58.66,,,,,,,,,,,,,,,,
Number of fruit,14,,,16,,,14,,,16,,,14,,,14.8,,,,,
Number of marketable fruit (weight >=60g),14,,,14,,,12,,,15,,,14,,,13.8,,,,,
Average fruit weight,85.20428571,,,76.6475,,,83.66785714,,,89.81,,,100.3178571,,,87.1295,,,,,
Average marketable fruit weight,85.20428571,,,80.72714286,,,88.92166667,,,92.29333333,,,100.3178571,,,89.49285714,,,,,
sd,14.18394527,,,18.07099204,,,18.81200974,,,26.74771417,,,19.48606255,,,19.46014475,,,,,
,,,,,,,,,,,,,,,,,,,,,
,Plant 1,,,,Plant 2,,,,Plant 3,,,,Plant 4,,,,Plant 5,,,,
I-1-3,Truss 1,Truss 2,Truss 3,Truss 4,Truss 1,Truss 2,Truss 3,Truss 4,Truss 1,Truss 2,Truss 3,Truss 4,Truss 1,Truss 2,Truss 3,Truss 4,Truss 1,Truss 2,Truss 3,Truss 4,
,165.62,76,84.01,76.79,105.76,103.86,83.22,78.85,100.25,104.59,101.25,107.86,97.28,80.29,87.44,77.88,110.87,96.3,87.87,100.11,
,131.88,89.76,69.54,58.51,92.89,96.71,70.68,78.63,111.47,90.3,69.44,84.04,124.66,84.83,77.65,62.92,98.73,97.46,79.45,96.67,
,138.24,84.87,80.89,43.72,94.12,96.15,82.52,91.52,97.58,86.65,79.17,76.87,112.78,82.54,68.45,76.15,126.76,105.55,64.84,99.34,
,94.25,88.72,84.4,,93.72,82.51,74.93,90.51,90.39,87.88,80.2,70.35,81.32,73.95,55.71,87.05,70.8,81.13,76.47,87.91,
,88.13,57.85,83.7,,97.42,62.25,57.55,62.61,85.81,78.15,,48.77,81.47,66.95,,88,50.3,,59.11,,
,89.44,67.87,55.7,,93.01,79.27,,69.91,78.54,55.9,,,72.74,,,59.03,,,,,
,85.53,,56.96,,74.92,,,45.32,59.51,45.3,,,57.59,,,,,,,,
,,,,,69.69,,,,,,,,73.81,,,,,,,,
,,,,,,,,,,,,,91.3,,,,,,,,
,,,,,,,,,,,,,72.86,,,,,,,,
Number of fruit,23,,,,26,,,,23,,,,25,,,,18,,,,23
Number of marketable fruit (weight >=60g),18,,,,24,,,,19,,,,22,,,,16,,,,19.8
Average fruit weight,84.88608696,,,,81.86653846,,,,82.18565217,,,,79.786,,,,88.315,,,,83.40785552
Average marketable fruit weight,93.31333333,,,,84.4025,,,,88.46263158,,,,82.83272727,,,,92.51625,,,,88.30548844
sd,27.93805823,,,,15.03249971,,,,18.09472922,,,,15.84802985,,,,19.24598514,,,,19.23186043
,,,,,,,,,,,,,,,,,,,,,
,,,,,,,,,,,,,,,,,,,,,
,Plant 1,,Plant 2,,Plant 3,,Plant 4,,Plant 5,,,,,,,,,,,,
I-2-1,Truss 1,Truss 2,Truss 1,Truss 2,Truss 1,Truss 2,Truss 1,Truss 2,Truss 1,Truss 2,,,,,,,,,,,
,101.12,68.67,85.82,124,98.09,105.66,89.95,79.03,98.95,99.2,,,,,,,,,,,
,74.51,62.24,92.05,86.83,84.42,94.77,96.95,80.66,93.6,80.09,,,,,,,,,,,
,70.81,38.9,93.71,86.02,78.63,92.58,99.09,93.88,102.05,104.27,,,,,,,,,,,
,65.86,42.82,81.58,58.74,75.17,90.05,83.46,95.03,89.64,65.38,,,,,,,,,,,
,61.89,41.87,73.02,56.87,63.86,95.94,83.84,93.88,,64.69,,,,,,,,,,,
,,,,,,77.37,68.53,95.03,,55.78,,,,,,,,,,,
,,,,,,62.91,70.52,,,,,,,,,,,,,,
Number of fruit,10,,10,,12,,13,,10,,11,,,,,,,,,,
Number of marketable fruit (weight >=60g),7,,8,,12,,13,,9,,9.8,,,,,,,,,,
Average fruit weight,62.869,,83.864,,84.95416667,,86.91153846,,85.365,,80.79274103,,,,,,,,,,
Average marketable fruit weight,72.15714286,,90.37875,,84.95416667,,86.91153846,,88.65222222,,84.61076404,,,,,,,,,,
sd,18.62822378,,19.07536119,,13.5743096,,10.06796474,,17.72566328,,15.81430452,,,,,,,,,,
,,,,,,,,,,,,,,,,,,,,,
,,,,,,,,,,,,,,,,,,,,,
,,,,,,,,,,,,,,,,,,,,,
,Plant 1,,,Plant 2,,,Plant 3,,,Plant 4,,,Plant 5,,,,,,,,
I-2-2,Truss 1,Truss 2,Truss 3,Truss 1,Truss 2,Truss 3,Truss 1,Truss 2,Truss 3,Truss 1,Truss 2,Truss 3,Truss 1,Truss 2,Truss 3,,,,,,
,136.46,84.19,109.37,96.71,93.42,106.28,96.87,79.19,79.72,116.02,88.48,73.44,115.39,100.34,87.41,,,,,,
,125.08,106.49,96.06,115.94,93.01,116.6,97.29,90.11,77.67,113.01,96.54,54.2,107.15,82.31,71.31,,,,,,
,161.85,98.38,109.88,96.29,87.76,96.29,81.07,69.66,79.11,103.31,87.39,86.69,101.93,67.44,103.81,,,,,,
,91.49,81.62,110.48,93.57,105.83,92.01,82.5,,65.09,79.83,61.41,71.59,97.84,100.03,59.06,,,,,,
,112.93,54.86,84.04,88.64,66.22,101.42,70.5,,55.56,93.9,66.91,67.83,62.01,,,,,,,,
,95.8,,94.34,,,,72.61,,86.65,76.19,46.44,80,,,,,,,,,
,,,,,,,,,,61.21,,,,,,,,,,,
Number of fruit,17,,,15,,,15,,,19,,,13,,15.8,,,,,,
Number of marketable fruit (weight >=60g),16,,,15,,,14,,,17,,,12,,14.8,,,,,,
Average fruit weight,103.1364706,,,96.666,,,78.90666667,,,80.23105263,,,88.92538462,,89.5731149,,,,,,
Average marketable fruit weight,106.15375,,,96.666,,,80.57428571,,,83.75,,,91.41416667,,91.71164048,,,,,,
sd,23.90271427,,,12.22994966,,,11.33198612,,,19.01144681,,,18.68739085,,17.03269754,,,,,,
,,,,,,,,,,,,,,,,,,,,,
,Plant 1,,,,Plant 2,,,,Plant 3,,,,Plant 4,,,,Plant 5,,,,
I-2-3,Truss 1,Truss 2,Truss 3,Truss 4,Truss 1,Truss 2,Truss 3,Truss 4,Truss 1,Truss 2,Truss 3,Truss 4,Truss 1,Truss 2,Truss 3,Truss 4,Truss 1,Truss 2,Truss 3,Truss 4,
,106.76,61.92,80.92,73.9,135.36,117.5,100.38,100.13,133.67,110.92,91.03,82.39,112.68,104.21,111.77,69.69,,,,,
,100.98,96.2,67.23,52.63,123.34,96.46,102.11,103.65,105.7,89.93,75.09,108.75,118.65,82.8,67.09,90.6,,,,,
,84.75,83.86,87.87,60.38,106.56,91.75,107.65,80.39,91.62,82.13,95.08,100.81,94.14,71.33,57.36,86.99,,,,,
,79.81,103.17,,57.75,91.59,102,85.97,,74.45,97,81.06,,112.95,70.81,79.99,,,,,,
,84.85,85.53,,,103.75,102.17,,,97.94,79.45,104.63,,102.44,71.34,,,,,,,
,57.95,68.64,,,97.95,94.67,,,70.01,104.63,90.88,,71.08,61.66,,,,,,,
,,77.91,,,,70.67,,,71.78,,83.11,,,,,,,,,,
Number of fruit,20,,,,20,,,,23,,,,19,,20.5,,,,,,
Number of marketable fruit (weight >=60g),17,,,,20,,,,23,,,,18,,19.5,,,,,,
Average fruit weight,78.6505,,,,100.7025,,,,92.26347826,,,,86.18842105,,89.45122483,,,,,,
Average marketable fruit weight,82.62823529,,,,100.7025,,,,92.26347826,,,,87.79,,90.84605339,,,,,,
sd,15.97600519,,,,14.25206167,,,,15.17534172,,,,19.47071826,,16.21853171,,,,,,
,,,,,,,,,,,,,,,,,,,,,
,Plant 1,,Plant 2,,Plant 3,,Plant 4,,Plant 5,,,,,,,,,,,,
I-3-1,Truss 1,Truss 2,Truss 1,Truss 2,Truss 1,Truss 2,Truss 1,Truss 2,Truss 1,Truss 2,,,,,,,,,,,
,128.59,134.24,141.51,161.9,126.43,108.33,103.15,76.55,113.31,126.59,,,,,,,,,,,
,134.72,103.73,104.77,88.05,111.27,100.46,111.91,66.79,124.76,98.3,,,,,,,,,,,
,107.09,118.36,121.79,101.35,99.49,120.7,97.02,,92.02,102.54,,,,,,,,,,,
,93.47,108.63,89.9,94.57,105.7,98.49,99.8,,94.85,79.74,,,,,,,,,,,
,142.04,,77.81,84.53,97,65.22,92.76,,110.24,62.35,,,,,,,,,,,
,113.33,,75.14,,85.23,,96.35,,127.55,69.5,,,,,,,,,,,
,,,,,,,,,96.77,53.84,,,,,,,,,,,
,,,,,,,,,70.57,65.2,,,,,,,,,,,
Number of fruit,10,,11,,11,,8,,16,,,11.2,,,,,,,,,
Number of marketable fruit (weight >=60g),10,,11,,11,,8,,15,,,11,,,,,,,,,
Average fruit weight,118.42,,103.7563636,,101.6654545,,93.04125,,93.008125,,,101.9782386,,,,,,,,,
Average marketable fruit weight,118.42,,103.7563636,,101.6654545,,93.04125,,95.61933333,,,102.5004803,,,,,,,,,
sd,15.86652311,,27.42788846,,16.62819495,,14.59865007,,24.02089208,,,19.70842973,,,,,,,,,
,,,,,,,,,,,,,,,,,,,,,
,Plant 1,,,Plant 2,,,Plant 3,,,Plant 4,,,Plant 5,,,,,,,,
I-3-2,Truss 1,Truss 2,Truss 3,Truss 1,Truss 2,Truss 3,Truss 1,Truss 2,Truss 3,Truss 1,Truss 2,Truss 3,Truss 1,Truss 2,Truss 3,,,,,,
,108.3,99.96,66.92,162.81,91.15,59.89,92.11,78.86,83.87,90.89,81.02,77.57,101.89,106.66,72.72,,,,,,
,122.27,83.7,69.35,126.86,80.99,79.6,98.3,89.7,76.02,91.86,81.06,48.39,90.75,91.51,67.06,,,,,,
,87.38,78.1,61.77,124.44,88.17,49.92,102.26,89.72,76.07,91.07,82.15,65.37,89.58,84.78,55.98,,,,,,
,75.63,77.38,54.88,157.92,70.13,52.84,80.22,100.29,53.75,79.39,73.65,62.72,86.51,85.2,,,,,,,
,68.39,74.47,53.2,122.04,61.17,,142.26,78.74,99.42,78.59,76.22,61.89,66.57,62.94,,,,,,,
,,65.28,41.19,,,,,77.32,,68.91,,,45.17,71.36,,,,,,,
,,,,,,,,,,,,,64.01,,,,,,,,
Number of fruit,17,,,14,,,16,,,16,,,16,,,15.8,,,,,
Number of marketable fruit (weight >=60g),14,,,11,,,15,,,15,,,14,,,13.8,,,,,
Average fruit weight,75.77470588,,,94.85214286,,,88.681875,,,75.671875,,,77.668125,,,82.52974475,,,,,
Average marketable fruit weight,81.35,,,105.9345455,,,91.01066667,,,77.49066667,,,81.53857143,,,87.46489004,,,,,
sd,20.3633111,,,37.69312591,,,18.92122202,,,11.87300592,,,17.02406619,,,21.17494623,,,,,
,,,,,,,,,,,,,,,,,,,,,
,,,,,,,,,,,,,,,,,,,,,
,Plant 1,,,,Plant 2,,,,Plant 3,,,,Plant 4,,,,Plant 5,,,,
I-3-3,Truss 1,Truss 2,Truss 3,Truss 4,Truss 1,Truss 2,Truss 3,Truss 4,Truss 1,Truss 2,Truss 3,Truss 4,Truss 1,Truss 2,Truss 3,Truss 4,Truss 1,Truss 2,Truss 3,Truss 4,
,95.71,80.68,81.77,68.02,103.65,75.15,73.68,80.48,105.95,120.34,87.37,77.17,67.68,83.29,67.37,60.04,114.94,62.44,88.54,71.06,
,92.52,84.58,66.11,56.47,111.59,82.52,108.58,81.27,103.74,88.17,87.22,87.81,84.43,79.42,79.36,64.47,107.58,92.22,95.15,71.03,
,92.98,82.25,57.25,68.24,107.2,69.34,74.55,82.62,103.22,127.46,88.41,92.66,69.15,70.71,76.94,69.54,65.35,86.11,87.24,69.35,
,94.83,,75.86,71.67,85.02,60.25,69.23,65.28,107.34,98.83,66.78,68.6,77.67,82.05,88.02,42.75,79.38,91.88,68.44,87.11,
,78.34,,,71.38,82.73,46.99,62.65,81.93,91.01,97.94,69.49,66.3,71.33,60.19,,65.08,58.55,59.78,49.5,,
,74.31,,,,,58.2,59.57,66.74,70.11,79.54,55.38,55.8,71.46,,,55.68,,,55.18,,
,,,,,,,,,,,,,68.25,,,,,,,,
Number of fruit,18,,,,23,,,,24,,,,22,,,,20,,,,21.4
Number of marketable fruit (weight >=60g),16,,,,20,,,,22,,,,20,,,,16,,,,18.8
Average fruit weight,77.38722222,,,,77.79217391,,,,87.36,,,,70.67636364,,,,78.0415,,,,78.25145195
Average marketable fruit weight,79.953125,,,,81.223,,,,90.24818182,,,,72.8225,,,,83.61375,,,,81.57211136
sd,11.98198933,,,,17.11180054,,,,18.95859677,,,,10.57084154,,,,17.74675457,,,,15.27399655
,,,,,,,,,,,,,,,,,,,,,
,Plant 1,,Plant 2,,Plant 3,,Plant 4,,Plant 5,,,,,,,,,,,,
I-4-1,Truss 1,Truss 2,Truss 1,Truss 2,Truss 1,Truss 2,Truss 1,Truss 2,Truss 1,Truss 2,,,,,,,,,,,
,124.63,112.72,146.55,105.83,128.82,119.83,91.96,112.7,121.74,121.87,,,,,,,,,,,
,109.62,102.65,144.65,113.59,132,124.37,108.76,90.66,137.76,117.37,,,,,,,,,,,
,97.75,103.53,115.57,99.44,115.57,110.13,99.9,90.94,140.68,117.8,,,,,,,,,,,
,70.95,82.7,117.99,101.92,104.44,108.78,99.18,61.34,127.48,110.64,,,,,,,,,,,
,76.85,83.54,97.39,90.84,102.03,104.55,52.35,72.49,116.77,129.35,,,,,,,,,,,
,,,104.63,92.21,88.67,87.97,86.11,78.79,128.05,,,,,,,,,,,,
,,,90.83,113.6,90.16,95.07,75.71,,92.54,,,,,,,,,,,,
Number of fruit,10,,14,,14,,13,,12,,12.6,,,,,,,,,,
Number of marketable fruit (weight >=60g),10,,14,,14,,12,,12,,12.4,,,,,,,,,,
Average fruit weight,96.494,,109.6457143,,108.0278571,,86.22230769,,121.8375,,104.4454758,,,,,,,,,,
Average marketable fruit weight,96.494,,109.6457143,,108.0278571,,89.045,,121.8375,,105.0100143,,,,,,,,,,
sd,17.36104144,,17.73435897,,14.67691761,,17.7004398,,12.72475763,,16.03950309,,,,,,,,,,
,,,,,,,,,,,,,,,,,,,,,
,Plant 1,,,Plant 2,,,Plant 3,,,Plant 4,,,Plant 5,,,,,,,,
I-4-2,Truss 1,Truss 2,Truss 3,Truss 1,Truss 2,Truss 3,Truss 1,Truss 2,Truss 3,Truss 1,Truss 2,Truss 3,Truss 1,Truss 2,Truss 3,,,,,,
,105.05,85.54,43.92,105.11,85.42,90.79,109.7,89.86,82.59,84.59,82.8,86.68,77.87,65.26,83.97,,,,,,
,109.97,106.48,40.09,92.21,91.4,79.29,124.02,102.52,75.84,75.74,90.75,73.34,78.37,106.35,75.98,,,,,,
,105,94.92,58.58,74.07,86.87,72.77,65.71,96.76,60.78,78.33,79.4,83.11,148.2,52.89,69.88,,,,,,
,87.98,93.87,21.18,107.73,84.71,66.14,55.96,89.51,79.13,75.25,71.58,85.79,84.2,58.02,65.45,,,,,,
,93.73,83.67,,49.04,81.15,,89.07,,,75.83,52.47,68.35,,,61.81,,,,,,
,,72.17,,,,,,,,69.35,55.22,,,,,,,,,,
,,79.89,,,,,,,,,,,,,,,,,,,
Number of fruit,16,,,14,,,13,,,17,,,13,,,14.6,,,,,
Number of marketable fruit (weight >=60g),12,,,13,,,12,,,15,,,11,,,12.6,,,,,
Average fruit weight,80.1275,,,83.33571429,,,86.26538462,,,75.79882353,,,79.09615385,,,80.92471526,,,,,
Average marketable fruit weight,93.18916667,,,85.97384615,,,88.79083333,,,78.726,,,83.39454545,,,86.01487832,,,,,
sd,26.37862152,,,15.13477489,,,19.45895707,,,10.39782242,,,24.95334064,,,19.26470331,,,,,
,,,,,,,,,,,,,,,,,,,,,
,Plant 1,,,,Plant 2,,,,Plant 3,,,,Plant 4,,,,Plant 5,,,,
I-4-3,Truss 1,Truss 2,Truss 3,Truss 4,Truss 1,Truss 2,Truss 3,Truss 4,Truss 1,Truss 2,Truss 3,Truss 4,Truss 1,Truss 2,Truss 3,Truss 4,Truss 1,Truss 2,Truss 3,Truss 4,
,96.5,86.86,74.95,72.59,120.19,103.85,85.77,66.62,122.95,106.51,68.45,85.88,51.84,86.71,55.9,60.93,81.65,82.04,50.37,65.03,
,81.46,94.16,67.45,63.68,114.8,100.13,87.91,74.71,110.64,109.03,75.29,82.87,101.88,85.05,51.67,55.83,79.4,58.07,54.4,61.29,
,94.79,82.11,88.65,75.66,87.35,89.22,77.53,64.38,55.95,95.3,89.76,90.05,59.86,96.94,48.39,,73.06,48.04,53.36,62.06,
,90.97,68.26,75.84,70.53,87.35,95.43,119.34,47.03,57.42,83.32,84.8,94.43,60.66,76.14,,,70.37,59.36,63.4,60.44,
,55.05,90.93,41.33,68.11,70.71,76.37,49.33,,,87.37,,57.93,87.4,67.32,,,69.87,68.7,69.6,67.85,
,59.33,75.68,49.95,55.59,71.85,66.19,,,,82.75,,,59.58,71.47,,,55.64,49.97,52.7,,
,,,70.42,,72.56,65.63,,,,,,,65.89,,,,,,,,
,,,69.85,,46.59,,,,,,,,72.27,,,,,,,,
,,,52.1,,,,,,,,,,,,,,,,,,
,,,48.97,,,,,,,,,,,,,,,,,,
Number of fruit,28,,,,24,,,,19,,,,19,,,,23,,,,22.6
Number of marketable fruit (weight >=60g),21,,,,21,,,,16,,,,12,,,,14,,,,16.8
Average fruit weight,72.20607143,,,,80.86833333,,,,86.35263158,,,,69.24894737,,,,63.33347826,,,,74.40189239
Average marketable fruit weight,79.02142857,,,,85.61380952,,,,91.8375,,,,77.72166667,,,,69.62571429,,,,80.76402381
sd,15.23505056,,,,20.93085525,,,,18.36441149,,,,15.8503715,,,,10.02606041,,,,16.08134984
,,,,,,,,,,,,,,,,,,,,,
,,,,,,,,,,,,,,,,,,,,,
,Plant 1,,Plant 2,,Plant 3,,Plant 4,,Plant 5,,,,,,,,,,,,
II-1-1,Truss 1,Truss 2,Truss 1,Truss 2,Truss 1,Truss 2,Truss 1,Truss 2,Truss 1,Truss 2,,,,,,,,,,,
,116.37,64.45,113.4,110.24,119.77,82.45,105.61,123.58,102.76,96.59,,,,,,,,,,,
,110.71,90.11,104.2,108.18,92.8,83.25,106.04,125.83,106.65,81.64,,,,,,,,,,,
,102.45,75.97,115.7,89.72,121.62,63.81,98.29,125.3,67.72,87.43,,,,,,,,,,,
,78.51,78.53,87.36,93.12,87.3,67.62,96.74,117.9,89.95,90.8,,,,,,,,,,,
,69.84,50.27,77.61,100.81,85.44,93.51,83.72,125.82,88.31,75.3,,,,,,,,,,,
,66.13,59.09,,97.01,94.76,98.14,79.35,,90.41,,,,,,,,,,,,
,,,,77.44,58.97,84.76,,,70.93,,,,,,,,,,,,
Number of fruit,12,,12,,14,,11,,12,,12.2,,,,,,,,,,
Number of marketable fruit (weight >=60g),10,,12,,13,,11,,12,,11.6,,,,,,,,,,
Average fruit weight,80.2025,,97.89916667,,88.15714286,,108.0163636,,87.37416667,,92.32986797,,,,,,,,,,
Average marketable fruit weight,85.307,,97.89916667,,90.40230769,,108.0163636,,87.37416667,,93.79980093,,,,,,,,,,
sd,20.78183522,,13.12576333,,18.09240488,,17.0776493,,11.8974508,,16.1950207,,,,,,,,,,
,,,,,,,,,,,,,,,,,,,,,
,Plant 1,,,Plant 2,,,Plant 3,,,Plant 4,,,Plant 5,,,,,,,,
II-1-2,Truss 1,Truss 2,Truss 3,Truss 1,Truss 2,Truss 3,Truss 1,Truss 2,Truss 3,Truss 1,Truss 2,Truss 3,Truss 1,Truss 2,Truss 3,,,,,,
,105.17,77.8,85.8,102.79,89.84,87.97,108.61,75.6,91.39,,,,,,,,,,,,
,85.57,93.9,92.48,99.87,107.49,92.63,109,73.23,83.29,,,,,,,,,,,,
,93.55,82.96,82,102.49,105.01,69.03,83.73,65.43,71.42,,,,,,,,,,,,
,94.15,94.47,,95.64,97.54,,91.51,56.83,68.54,,,,,,,,,,,,
,79.28,82.25,,83.02,81.03,,68.56,,87.23,,,,,,,,,,,,
,,,,79.72,,,74.65,,,,,,,,,,,,,,
Number of fruit,13,,,14,,,15,,,14,,,,,,,,,,,
Number of marketable fruit (weight >=60g),13,,,14,,,14,,,13.66666667,,,,,,,,,,,
Average fruit weight,88.41384615,,,92.43357143,,,80.60133333,,,87.14958364,,,,,,,,,,,
Average marketable fruit weight,88.41384615,,,92.43357143,,,82.29928571,,,87.71556777,,,,,,,,,,,
sd,7.869964568,,,11.23050352,,,15.05252939,,,11.38433249,,,,,,,,,,,
,,,,,,,,,,,,,,,,,,,,,
,Plant 1,,,,Plant 2,,,,Plant 3,,,,Plant 4,,,,Plant 5,,,,
II-1-3,Truss 1,Truss 2,Truss 3,Truss 4,Truss 1,Truss 2,Truss 3,Truss 4,Truss 1,Truss 2,Truss 3,Truss 4,Truss 1,Truss 2,Truss 3,Truss 4,Truss 1,Truss 2,Truss 3,Truss 4,
,99.77,90.18,74.43,94.66,,,,,104.46,95.6,88.12,84.79,97.17,86.58,97.79,85.4,122.46,92.31,93.16,85.83,
,98.67,85.95,76.68,91.51,,,,,96.6,94.13,76.04,58.23,96.71,89.73,95.25,81.09,109.96,82.87,91.2,87.34,
,92.22,88.66,80.28,80.98,,,,,86.47,83.88,84.29,75.59,94.13,87.72,80.16,82.06,94.36,83.72,83.16,85.52,
,87.73,85.13,76.04,76.75,,,,,91.66,84.56,80.14,71.62,82.27,70.37,82.13,54.02,85.58,87.72,72.39,69.91,
,78.27,62.24,,43.86,,,,,76.55,46.07,76.75,73.81,72.58,62.28,76.04,,79.56,62.65,66.52,49.84,
,73.81,,,,,,,,,,,,79.21,52.93,,,78.22,,,,
Number of fruit,20,,,,,,,,20,,,,21,,,,21,,,,20.5
Number of marketable fruit (weight >=60g),19,,,,,,,,18,,,,19,,,,20,,,,19
Average fruit weight,81.891,,,,,,,,81.468,,,,81.22,,,,84.01333333,,,,82.14808333
Average marketable fruit weight,83.89263158,,,,,,,,84.72555556,,,,84.14052632,,,,85.722,,,,84.62017836
sd,12.97139562,,,,,,,,13.34964561,,,,13.07516271,,,,15.51636566,,,,13.7281424
,,,,,,,,,,,,,,,,,,,,,
,Plant 1,,Plant 2,,Plant 3,,Plant 4,,Plant 5,,,,,,,,,,,,
II-2-1,Truss 1,Truss 2,Truss 1,Truss 2,Truss 1,Truss 2,Truss 1,Truss 2,Truss 1,Truss 2,,,,,,,,,,,
,107.07,76.01,110.76,94.75,103.11,90.02,109,76.86,99.79,65.22,,,,,,,,,,,
,111.6,85.27,96.89,89.02,99.14,94.29,182,86.48,101.36,61.17,,,,,,,,,,,
,88.4,76.2,95.96,75.61,69.52,92.61,92.93,86.8,86.02,60.65,,,,,,,,,,,
,72.6,68.73,95.24,65.22,92.76,100.2,90.05,77.29,94.96,69.65,,,,,,,,,,,
,58.16,81.42,82.4,62.64,89.6,,76.65,77.06,68.33,62.28,,,,,,,,,,,
,,62.25,81.96,95.47,90.3,,88.85,,,57.3,,,,,,,,,,,
,,76.92,,,,,,,,45.96,,,,,,,,,,,
Number of fruit,12,,12,,10,,11,,12,,11.4,,,,,,,,,,
Number of marketable fruit (weight >=60g),11,,12,,10,,11,,10,,10.8,,,,,,,,,,
Average fruit weight,80.38583333,,87.16,,92.155,,94.90636364,,72.72416667,,85.46627273,,,,,,,,,,
Average marketable fruit weight,82.40636364,,87.16,,92.155,,94.90636364,,76.943,,86.71414545,,,,,,,,,,
sd,16.07814805,,14.11052863,,9.222713809,,30.45096658,,18.21947981,,17.61636738,,,,,,,,,,
,,,,,,,,,,,,,,,,,,,,,
,Plant 1,,,Plant 2,,,Plant 3,,,Plant 4,,,Plant 5,,,,,,,,
II-2-2,Truss 1,Truss 2,Truss 3,Truss 1,Truss 2,Truss 3,Truss 1,Truss 2,Truss 3,Truss 1,Truss 2,Truss 3,Truss 1,Truss 2,Truss 3,,,,,,
,111.07,93.21,84.34,108.63,99.9,105.08,109.84,76.14,84.35,107.93,90.47,84.35,107.78,118.37,111.05,,,,,,
,102.2,80.06,74.18,113.7,104.27,107.93,105.97,81.09,79.43,104.83,86.29,79.43,120.7,96.27,98.6,,,,,,
,114.83,81.29,72.62,157.08,99.3,77.97,110.46,89.93,74.3,95.63,96.32,74.3,119.23,104.76,110.88,,,,,,
,89.16,79.3,77.19,96.72,91.23,77.26,103.44,76.38,57.48,84.26,89.93,57.48,124.69,101.57,88.86,,,,,,
,93.13,82.96,65.67,96.99,99.78,,83.56,78.43,,93.43,76.38,,108.95,79.33,99.86,,,,,,
,71.58,73.84,,82.82,87.39,,87.34,74.05,,80.53,78.43,,84.64,,,,,,,,
,,,,,,,,,,,74.05,,,,,,,,,,
Number of fruit,17,,,16,,,16,,,17,,,16,,,16.4,,,,,
Number of marketable fruit (weight >=60g),17,,,16,,,15,,,16,,,16,,,16,,,,,
Average fruit weight,85.09588235,,,100.378125,,,85.761875,,,85.53176471,,,104.72125,,,92.29777941,,,,,
Average marketable fruit weight,85.09588235,,,100.378125,,,87.64733333,,,87.285,,,104.72125,,,93.02551814,,,,,
sd,13.92130295,,,18.58099862,,,14.83694902,,,12.35791459,,,13.16078411,,,14.57158986,,,,,
,,,,,,,,,,,,,,,,,,,,,
,Plant 1,,,,Plant 2,,,,Plant 3,,,,Plant 4,,,,Plant 5,,,,
II-2-3,Truss 1,Truss 2,Truss 3,Truss 4,Truss 1,Truss 2,Truss 3,Truss 4,Truss 1,Truss 2,Truss 3,Truss 4,Truss 1,Truss 2,Truss 3,Truss 4,Truss 1,Truss 2,Truss 3,Truss 4,
,102.15,107.97,75.65,90.54,97.03,73.59,87.56,95.58,102.47,98.62,87.73,89.74,102.37,91.24,82.98,81.36,104.61,83.05,88.39,81.72,
,102.02,97.03,99.06,91.84,92.05,86.66,84.79,90.3,92.48,93.86,87.96,68.83,90.09,88.91,86.22,81.74,88.23,85.96,88.71,76.56,
,98.07,85.9,61.03,89.92,85.57,84.27,81.83,83.22,94.54,78.65,89.91,59.81,86.48,82.44,80.37,76.82,79.25,73.95,78.09,65.38,
,85.67,88.73,97.03,89.92,78.86,83.37,78.25,80.92,81.92,89.96,80.47,62.15,87.82,81.34,84.36,,89.89,89.2,79.43,72.15,
,87.62,71.12,89.3,,61.37,92.58,78.25,80.15,88.7,,89.96,,88.54,88.23,83.24,,102.37,85.37,80.2,,
,,,,,,,,,81.38,,,,85,,48.42,,81.87,84.61,,,
Number of fruit,19,,,,20,,,,19,,,,20,,,,21,,,,19.8
Number of marketable fruit (weight >=60g),19,,,,20,,,,18,,,,19,,,,21,,,,19.4
Average fruit weight,90.03,,,,83.81,,,,85.21789474,,,,83.8985,,,,83.76142857,,,,85.34356466
Average marketable fruit weight,90.03,,,,83.81,,,,86.62944444,,,,85.76578947,,,,83.76142857,,,,85.9993325
sd,11.32772165,,,,8.102072509,,,,11.40786745,,,,9.920844762,,,,9.041962887,,,,9.960093852
,,,,,,,,,,,,,,,,,,,,,
,,,,,,,,,,,,,,,,,,,,,
,,,,,,,,,,,,,,,,,,,,,
,Plant 1,,Plant 2,,Plant 3,,Plant 4,,Plant 5,,,,,,,,,,,,
II-3-1,Truss 1,Truss 2,Truss 1,Truss 2,Truss 1,Truss 2,Truss 1,Truss 2,Truss 1,Truss 2,,,,,,,,,,,
,174.56,113.81,104.99,76.43,133.55,105.12,140.28,113.27,123.6,102.57,,,,,,,,,,,
,148.73,115.12,86.4,72.75,152.14,96.36,113.13,93.49,121.2,98.36,,,,,,,,,,,
,114.11,99.52,78.28,69.17,123.36,109.48,107.25,88.17,104.4,102.04,,,,,,,,,,,
,114.69,92.3,78.9,78.37,121.88,102.29,91.82,91.26,77.85,82.88,,,,,,,,,,,
,111.17,72.72,48.26,66.11,108.89,109.77,88.34,85.68,71.25,75.95,,,,,,,,,,,
,77.6,,,,,106.46,80.73,91.52,67.56,66.65,,,,,,,,,,,
,70.55,,,,,,,91.67,65.1,63.81,,,,,,,,,,,
,,,,,,,,,,69.38,,,,,,,,,,,
Number of fruit,12,,10,,11,,13,,15,,12.2,,,,,,,,,,
Number of marketable fruit (weight >=60g),12,,9,,11,,13,,15,,12,,,,,,,,,,
Average fruit weight,108.74,,75.966,,115.3909091,,98.20076923,,86.17333333,,96.89420233,,,,,,,,,,
Average marketable fruit weight,108.74,,79.04444444,,115.3909091,,98.20076923,,86.17333333,,97.50989122,,,,,,,,,,
sd,30.37481642,,14.50099552,,16.16700433,,16.22941232,,20.91737203,,19.63792013,,,,,,,,,,
,,,,,,,,,,,,,,,,,,,,,
,Plant 1,,,Plant 2,,,Plant 3,,,Plant 4,,,Plant 5,,,,,,,,
II-3-2,Truss 1,Truss 2,Truss 3,Truss 1,Truss 2,Truss 3,Truss 1,Truss 2,Truss 3,Truss 1,Truss 2,Truss 3,Truss 1,Truss 2,Truss 3,,,,,,
,98.45,95.01,70.74,141.57,107.26,74.25,105.62,101.68,101.99,103.75,91.77,94,86.47,59.17,53.45,,,,,,
,105.98,115.82,88.92,127.91,103.65,75.67,110.97,90.03,95.35,107.36,94.71,82.49,100.68,75.71,72.49,,,,,,
,96.86,96.93,73.19,99.63,90.02,59.28,94.49,102.39,104.45,102.22,104.45,79.66,117.92,118.12,63.27,,,,,,
,94.99,94.64,76.19,94.24,85.96,,90.55,83.03,77.34,100.05,76.93,85.43,141.64,,77.31,,,,,,
,81.88,81.32,54.53,57.37,75.17,,78.66,85.86,77.18,68.24,78.94,74.59,98.79,,57.41,,,,,,
,69.51,89.94,42.27,77.24,100.67,,74.26,73.63,,60.32,72.41,61.62,76.73,,,,,,,,
,65.28,75.71,,,,,58.87,68.8,,,,,,,,,,,,,
Number of fruit,20,,,15,,,19,,,18,,,14,,,17.2,,,,,
Number of marketable fruit (weight >=60g),18,,,13,,,18,,,18,,,11,,,15.6,,,,,
Average fruit weight,83.408,,,91.326,,,88.16578947,,,85.49666667,,,85.65428571,,,86.81014837,,,,,
Average marketable fruit weight,87.29777778,,,96.40307692,,,89.79333333,,,85.49666667,,,93.55727273,,,90.50962549,,,,,
sd,17.84294541,,,23.36047877,,,14.46177272,,,14.97034716,,,26.43900112,,,19.41490904,,,,,
,,,,,,,,,,,,,,,,,,,,,
,Plant 1,,,,Plant 2,,,,Plant 3,,,,Plant 4,,,,Plant 5,,,,
II-3-3,Truss 1,Truss 2,Truss 3,Truss 4,Truss 1,Truss 2,Truss 3,Truss 4,Truss 1,Truss 2,Truss 3,Truss 4,Truss 1,Truss 2,Truss 3,Truss 4,Truss 1,Truss 2,Truss 3,Truss 4,
,96.26,103.72,96.17,85.92,125.02,84.34,18.17,85.85,144.8,102.01,83.57,98.37,106.63,89.89,74.22,85.44,128.77,90,82.64,75.16,
,106.47,117.42,92.15,91.12,107.9,71.02,85.74,76.18,120.11,107.41,98.54,97.3,115.06,87.35,95.12,76.73,114.34,87.36,77.12,76.12,
,75.46,88.75,,108.27,96.23,93.71,90.09,79.74,104.81,100.34,105.22,102,102.34,100.72,103.57,80.1,126.64,66.66,73.73,69.1,
,68.76,95.97,,86.41,82.44,74.36,65.74,155.68,93.07,89.52,96.36,108.72,92.67,91.42,,70.43,77.98,65.8,,54.77,
,107.86,73.24,,,59.97,57.55,,,94.77,,,87.99,81.46,85.12,,81.78,65.84,85.98,,,
,50.13,,,,,,,,,,,84.71,73.83,,,,69.64,,,,
,,,,,,,,,,,,78.61,,,,,,,,,
Number of fruit,17,,,,18,,,,20,,,,19,,,,18,,,,18.4
Number of marketable fruit (weight >=60g),16,,,,15,,,,20,,,,19,,,,17,,,,17.4
Average fruit weight,90.82823529,,,,83.87388889,,,,99.9115,,,,89.15157895,,,,82.64722222,,,,89.28248507
Average marketable fruit weight,93.371875,,,,91.60266667,,,,99.9115,,,,89.15157895,,,,84.28705882,,,,91.66493589
sd,16.83634767,,,,28.66264307,,,,13.82265445,,,,12.3317347,,,,20.77436056,,,,18.48554809
,,,,,,,,,,,,,,,,,,,,,
,Plant 1,,Plant 2,,Plant 3,,Plant 4,,Plant 5,,,,,,,,,,,,
II-4-1,Truss 1,Truss 2,Truss 1,Truss 2,Truss 1,Truss 2,Truss 1,Truss 2,Truss 1,Truss 2,,,,,,,,,,,
,145.92,148.54,114.93,95.13,114.74,93.81,122.3,99.09,149.46,105.01,,,,,,,,,,,
,131.4,129.9,126.47,91.58,121.04,83.45,92.15,99.88,138.71,136.84,,,,,,,,,,,
,133.94,108.25,114.75,93.41,101.96,99.46,110.12,89.12,149.82,149.91,,,,,,,,,,,
,147.52,132.64,110.78,120.89,92.56,80.34,92.59,118.56,84.18,94.07,,,,,,,,,,,
,121.64,106.65,93.34,69.02,85.72,89.38,83.66,88.08,74.16,133.45,,,,,,,,,,,
,92.98,98.74,83.67,70.8,77.28,83.56,95.89,78.74,53.27,106.33,,,,,,,,,,,
,,,,,,,80.59,,,,,,,,,,,,,,
Number of fruit,12,,12,,12,,13,,12,,12.2,,,,,,,,,,
Number of marketable fruit (weight >=60g),12,,12,,12,,13,,11,,12,,,,,,,,,,
Average fruit weight,124.8433333,,98.73083333,,93.60833333,,96.21307692,,114.6008333,,105.5992821,,,,,,,,,,
Average marketable fruit weight,124.8433333,,98.73083333,,93.60833333,,96.21307692,,120.1763636,,106.7143881,,,,,,,,,,
sd,19.17702145,,18.91575988,,13.58844485,,13.68760107,,33.08072371,,19.68991019,,,,,,,,,,
,Plant 1,,,Plant 2,,,Plant 3,,,Plant 4,,,Plant 5,,,,,,,,
II-4-2,Truss 1,Truss 2,Truss 3,Truss 1,Truss 2,Truss 3,Truss 1,Truss 2,Truss 3,Truss 1,Truss 2,Truss 3,Truss 1,Truss 2,Truss 3,,,,,,
,86.34,81.59,86.93,82.87,106.93,69.42,102.92,100.67,84.39,175.69,128.81,115.06,88.07,84.16,78.78,,,,,,
,77.64,82.33,80.74,91.39,209.18,104.64,104.16,107.39,97.09,101.6,104.97,89.38,90.11,70.36,94.57,,,,,,
,88.94,76.1,77.18,107.69,61.57,120.77,83.62,108.56,85.57,160.71,131.52,109.25,79.13,81.78,,,,,,,
,78.64,87.04,64.06,90.47,,97.15,80.11,63.87,60.82,102.39,118.25,,79.11,75.6,,,,,,,
,61.76,78,,93.62,,,103.13,57.84,59.47,122.75,,,56.24,92.35,,,,,,,
,,69.77,,50.04,,,71.97,,,133.84,,,,,,,,,,,
,,,,76.25,,,,,,,,,,,,,,,,,
Number of fruit,15,,,14,,,16,,,13,,,12,,,14,,,,,
Number of marketable fruit (weight >=60g),15,,,13,,,14,,,13,,,11,,,13.2,,,,,
Average fruit weight,78.47066667,,,97.285,,,85.72375,,,122.6323077,,,80.855,,,92.99334487,,,,,
Average marketable fruit weight,78.47066667,,,100.9192308,,,89.59071429,,,122.6323077,,,83.09272727,,,94.94112934,,,,,
sd,8.093838456,,,37.57703979,,,18.39119495,,,24.20954225,,,10.54734219,,,19.76379153,,,,,
,,,,,,,,,,,,,,,,,,,,,
,Plant 1,,,,Plant 2,,,,Plant 3,,,,Plant 4,,,,Plant 5,,,,
II-4-3,Truss 1,Truss 2,Truss 3,Truss 4,Truss 1,Truss 2,Truss 3,Truss 4,Truss 1,Truss 2,Truss 3,Truss 4,Truss 1,Truss 2,Truss 3,Truss 4,Truss 1,Truss 2,Truss 3,Truss 4,
,89.39,89.73,80.3,82,102.72,73.87,100.75,80.38,116.03,85.12,87.73,78.47,102.19,92.24,80.19,89.61,114.64,82.49,102.26,85.94,
,85.45,72.52,74.3,66.71,97.3,86.11,87.56,69.66,82.24,83.94,84.24,61.05,95.05,83.5,81.61,77.83,95.3,114.25,66,107.33,
,71.66,78.92,75.02,60.13,81.52,72.82,67.22,68.35,80.72,84.35,85.03,60.24,90.27,74.57,72.82,73.62,90.44,83.62,72.67,91.91,
,77.08,75.75,71.02,57.24,91.34,68.81,69.12,59.62,72.67,80.08,77.2,,83.77,68.74,77.1,49.36,76.18,81.59,76.32,90.34,
,69.88,61.23,47.46,,82.75,61.13,61.24,,66.07,77.84,72,,75.5,65.25,,,66.15,81.15,55.25,61.2,
,69.62,,,,66.37,57.66,,,47.96,58.49,57.53,,48.26,,,,52.36,68.7,,,
,49.08,,,,,,,,,,,,,,,,,58.52,,,
Number of fruit,21,,,,21,,,,21,,,,19,,,,23,,,,21
Number of marketable fruit (weight >=60g),18,,,,19,,,,18,,,,17,,,,20,,,,18.4
Average fruit weight,71.64238095,,,,76.49047619,,,,76.14285714,,,,77.97263158,,,,81.50478261,,,,76.75062569
Average marketable fruit weight,75.03944444,,,,78.36947368,,,,79.72333333,,,,81.40352941,,,,85.424,,,,79.99195617
sd,11.63574703,,,,13.72478651,,,,14.53494002,,,,13.87090474,,,,17.84067464,,,,14.32141059
